0,0,10579,6.30664
0,1,19469,6.41414
0,2,16168,6.56348
0,3,6909,6.56689
0,4,16525,6.56747
0,5,17624,6.5814
0,6,11755,6.72781
0,7,14242,6.80622
0,8,7392,6.83764
0,9,4396,6.87043
1,0,9151,5.55822
1,1,584,5.67354
1,2,9241,5.74191
1,3,18333,5.82929
1,4,16020,5.85262
1,5,17902,5.87071
1,6,11429,5.88198
1,7,363,5.97346
1,8,3572,5.9846
1,9,9337,5.98561
2,0,8549,5.09649
2,1,17419,5.204
2,2,17857,5.27856
2,3,16513,5.7324
2,4,10682,5.81858
2,5,4622,5.82144
2,6,2519,5.84161
2,7,2808,6.03754
2,8,17321,6.04616
2,9,11002,6.07299
3,0,5794,5.95992
3,1,11235,6.12526
3,2,14083,6.34005
3,3,6189,6.40093
3,4,11397,6.41569
3,5,17258,6.52091
3,6,19401,6.6102
3,7,13872,6.68739
3,8,9211,6.72019
3,9,18583,6.78373
4,0,6830,4.93938
4,1,15559,5.15815
4,2,4947,5.2555
4,3,9255,5.43873
4,4,19518,5.44026
4,5,11464,5.50302
4,6,12324,5.56445
4,7,6766,5.57874
4,8,14168,5.60005
4,9,8044,5.75646
5,0,1454,6.0549
5,1,18827,6.70584
5,2,8709,6.70984
5,3,12585,6.78585
5,4,2880,6.81182
5,5,2795,6.83492
5,6,2786,6.84076
5,7,8768,6.9473
5,8,5518,7.04329
5,9,1600,7.05123
6,0,17122,4.73698
6,1,6116,5.2826
6,2,13503,5.28748
6,3,1458,5.31653
6,4,1651,5.42629
6,5,18752,5.48095
6,6,10737,5.51156
6,7,6021,5.62014
6,8,18284,5.64056
6,9,8979,5.64523
7,0,4488,4.77991
7,1,2311,4.96461
7,2,2965,5.05791
7,3,11250,5.05923
7,4,3028,5.11733
7,5,94,5.19216
7,6,9585,5.29717
7,7,2668,5.47603
7,8,2797,5.48907
7,9,18108,5.55418
8,0,9162,5.96246
8,1,2057,6.19606
8,2,15000,6.3237
8,3,13464,6.36826
8,4,12017,6.49124
8,5,4093,6.51848
8,6,12111,6.52604
8,7,847,6.53647
8,8,7348,6.6166
8,9,19485,6.61801
9,0,17092,5.95345
9,1,18051,6.45337
9,2,4343,6.49891
9,3,1566,6.51283
9,4,7153,6.60224
9,5,19120,6.65502
9,6,5658,6.68716
9,7,5141,6.71307
9,8,5005,6.72872
9,9,15195,6.77777
10,0,9805,4.78091
10,1,14700,5.44423
10,2,18099,5.87115
10,3,14544,6.15858
10,4,12098,6.16843
10,5,6444,6.17649
10,6,15196,6.31344
10,7,11875,6.3385
10,8,198,6.34651
10,9,9970,6.37712
11,0,7842,5.52139
11,1,6209,5.92047
11,2,5164,5.94153
11,3,10485,5.97011
11,4,19372,6.0242
11,5,18792,6.05564
11,6,10410,6.06814
11,7,6936,6.11985
11,8,13515,6.12956
11,9,9389,6.15675
12,0,5410,5.15058
12,1,8303,5.42582
12,2,3514,5.44929
12,3,2592,5.51397
12,4,6059,5.55444
12,5,11213,5.6057
12,6,11622,5.62179
12,7,16250,5.71832
12,8,3156,5.76559
12,9,10921,5.77009
13,0,16680,5.14341
13,1,19213,5.19757
13,2,9162,5.32992
13,3,4273,5.42189
13,4,12932,5.42476
13,5,13553,5.43379
13,6,1321,5.48007
13,7,16400,5.54695
13,8,6604,5.56618
13,9,12890,5.63525
14,0,17788,5.21911
14,1,1696,5.42131
14,2,9210,5.47733
14,3,1005,5.49066
14,4,5138,5.51809
14,5,17333,5.71614
14,6,1245,5.71986
14,7,9460,5.7612
14,8,11802,5.82873
14,9,14669,5.86487
15,0,6432,4.93427
15,1,5009,5.64096
15,2,14877,5.9751
15,3,9472,6.02698
15,4,1604,6.24675
15,5,17172,6.392
15,6,10336,6.41079
15,7,4145,6.43964
15,8,607,6.53291
15,9,11877,6.60755
16,0,4715,5.51225
16,1,12005,5.5245
16,2,16360,5.6445
16,3,1106,5.66524
16,4,11065,5.67034
16,5,14119,5.67795
16,6,13338,5.86283
16,7,2684,5.96901
16,8,357,5.99231
16,9,19678,6.06171
17,0,5940,5.49185
17,1,19502,5.5207
17,2,16607,6.10107
17,3,3325,6.1146
17,4,19810,6.14214
17,5,7142,6.18315
17,6,12181,6.19816
17,7,1146,6.20829
17,8,4141,6.22032
17,9,15739,6.22074
18,0,18540,5.61304
18,1,2769,6.16298
18,2,1519,6.22302
18,3,10583,6.30292
18,4,301,6.34175
18,5,1780,6.34871
18,6,9821,6.45318
18,7,1674,6.49273
18,8,3093,6.50488
18,9,1937,6.52466
19,0,2251,5.23833
19,1,10042,5.23847
19,2,3960,5.38079
19,3,9196,5.44538
19,4,8484,5.48971
19,5,5216,5.4956
19,6,19515,5.57948
19,7,19986,5.60232
19,8,2044,5.69449
19,9,5042,5.70854
20,0,2908,4.49153
20,1,9757,5.32519
20,2,13217,5.50125
20,3,14550,5.50533
20,4,13204,5.52148
20,5,144,5.6255
20,6,17857,5.6468
20,7,17597,5.69453
20,8,10196,5.7008
20,9,14399,5.72107
21,0,17011,5.35487
21,1,11803,5.85138
21,2,15236,5.90562
21,3,2639,5.9091
21,4,9999,5.96812
21,5,18690,6.1784
21,6,7083,6.23972
21,7,12970,6.2801
21,8,16269,6.30786
21,9,16750,6.35845
22,0,155,5.18052
22,1,9347,5.53668
22,2,5905,6.00227
22,3,12510,6.01836
22,4,7105,6.07639
22,5,1716,6.15093
22,6,8693,6.31382
22,7,16657,6.32533
22,8,16659,6.3589
22,9,19398,6.36142
23,0,18974,4.17693
23,1,12172,4.60513
23,2,6949,4.70589
23,3,3999,4.86803
23,4,83,4.99628
23,5,1373,5.25563
23,6,14853,5.29363
23,7,917,5.29903
23,8,17250,5.30284
23,9,9047,5.38483
24,0,11787,5.47103
24,1,19836,5.92737
24,2,16235,6.01987
24,3,12123,6.35416
24,4,2339,6.70634
24,5,746,6.71514
24,6,18456,6.83518
24,7,717,6.88458
24,8,10214,6.90409
24,9,2840,6.99512
25,0,15957,4.87577
25,1,4690,4.98895
25,2,17650,5.47649
25,3,16959,5.53292
25,4,6815,5.88046
25,5,10282,5.96508
25,6,3851,6.07823
25,7,7907,6.14262
25,8,10037,6.14349
25,9,14214,6.19566
26,0,12159,4.89541
26,1,12410,5.3483
26,2,394,5.53625
26,3,3379,5.73767
26,4,361,5.95793
26,5,16486,5.99778
26,6,10375,6.0748
26,7,11152,6.07672
26,8,3701,6.14627
26,9,15856,6.15855
27,0,114,6.1721
27,1,19543,6.43552
27,2,5928,6.56516
27,3,19026,6.7107
27,4,18864,6.79478
27,5,2059,6.87661
27,6,1089,6.87669
27,7,6548,6.90946
27,8,19337,6.93674
27,9,1979,6.9495
28,0,7762,6.17522
28,1,19038,6.54226
28,2,428,6.66047
28,3,3115,6.73645
28,4,14211,6.78377
28,5,14886,6.911
28,6,16852,7.00841
28,7,2754,7.03651
28,8,8527,7.0374
28,9,19161,7.09631
29,0,8983,5.69984
29,1,1651,5.73211
29,2,4431,5.98905
29,3,9419,6.02971
29,4,13334,6.21352
29,5,9772,6.21854
29,6,11138,6.26455
29,7,12861,6.27343
29,8,13823,6.31666
29,9,15230,6.32217
30,0,14760,5.27692
30,1,3960,5.37064
30,2,19580,5.41772
30,3,9945,5.44168
30,4,14739,5.57697
30,5,10352,5.60088
30,6,13223,5.60755
30,7,3362,5.64105
30,8,10779,5.67784
30,9,10280,5.70463
31,0,16220,5.2932
31,1,15921,5.36095
31,2,11790,5.73401
31,3,7951,5.811
31,4,7651,5.95655
31,5,13163,6.04448
31,6,12338,6.1038
31,7,8074,6.1496
31,8,19812,6.22008
31,9,19051,6.26968
32,0,18218,5.07455
32,1,16600,5.40391
32,2,11683,5.46884
32,3,19892,5.50783
32,4,18208,5.73747
32,5,10320,5.77069
32,6,5734,5.77765
32,7,5559,5.80914
32,8,15042,5.84364
32,9,113,5.86586
33,0,17307,5.90341
33,1,8981,5.96224
33,2,17791,6.10942
33,3,857,6.34495
33,4,12471,6.39654
33,5,19962,6.43874
33,6,3810,6.57908
33,7,17526,6.81393
33,8,16652,6.82044
33,9,13656,6.83129
34,0,17830,5.14445
34,1,10303,5.22208
34,2,16631,5.59163
34,3,11252,5.67181
34,4,2254,5.73811
34,5,8132,5.79902
34,6,14554,5.81909
34,7,4334,5.8545
34,8,5812,5.85961
34,9,3470,5.86494
35,0,6271,5.40237
35,1,4170,5.46928
35,2,18083,5.47274
35,3,13359,5.84949
35,4,17526,5.97196
35,5,11356,6.012
35,6,12758,6.09869
35,7,7848,6.19541
35,8,1019,6.19937
35,9,5234,6.26391
36,0,10673,4.60517
36,1,19765,5.60472
36,2,8686,5.68988
36,3,9210,5.72836
36,4,13249,5.85159
36,5,16654,6.10024
36,6,9018,6.13576
36,7,12753,6.13811
36,8,5294,6.13958
36,9,11097,6.14453
37,0,1550,5.0747
37,1,13157,5.47921
37,2,4139,5.6807
37,3,5958,5.68463
37,4,15992,5.76589
37,5,16508,5.77314
37,6,6553,5.83172
37,7,2484,5.87637
37,8,18053,5.98309
37,9,16838,6.01192
38,0,3155,5.39502
38,1,12498,5.41572
38,2,19096,5.56012
38,3,13289,5.7544
38,4,2334,5.88876
38,5,16664,5.94787
38,6,10850,6.16711
38,7,16905,6.21282
38,8,9342,6.22962
38,9,9546,6.31728
39,0,15945,5.58946
39,1,11174,5.71635
39,2,7363,5.85587
39,3,16026,6.0365
39,4,1686,6.05205
39,5,7633,6.18098
39,6,5589,6.21822
39,7,10750,6.21823
39,8,2759,6.43463
39,9,15571,6.49384
40,0,18796,5.4637
40,1,18222,5.57918
40,2,14763,5.84202
40,3,17791,5.93001
40,4,430,6.02226
40,5,5477,6.03438
40,6,6296,6.1516
40,7,13603,6.21019
40,8,5108,6.22947
40,9,3120,6.23056
41,0,15626,5.59732
41,1,10940,6.31797
41,2,506,6.36308
41,3,4268,6.36978
41,4,4140,6.38615
41,5,8738,6.40335
41,6,3158,6.44781
41,7,4651,6.45539
41,8,16013,6.49317
41,9,3736,6.57632
42,0,16,5.33527
42,1,16019,5.42871
42,2,9790,5.4428
42,3,7651,5.46293
42,4,4852,5.52061
42,5,13140,5.58262
42,6,16828,5.62307
42,7,11986,5.63184
42,8,15982,5.65291
42,9,19867,5.66203
43,0,17738,5.08065
43,1,14700,5.23492
43,2,6014,5.45614
43,3,2420,5.47833
43,4,18591,5.58104
43,5,19810,5.66389
43,6,4109,5.72347
43,7,18970,5.7933
43,8,4995,5.82504
43,9,1496,5.89203
44,0,14024,5.00226
44,1,19762,5.41538
44,2,3372,5.51395
44,3,167,5.60761
44,4,6805,5.80925
44,5,14091,5.87422
44,6,13683,5.9134
44,7,6219,6.02366
44,8,18144,6.07962
44,9,19677,6.08167
45,0,7013,4.36917
45,1,5175,4.98074
45,2,3197,5.02493
45,3,14954,5.49739
45,4,11473,5.53529
45,5,1275,5.61215
45,6,12121,5.76415
45,7,4731,5.76571
45,8,13789,5.77577
45,9,14715,5.78052
46,0,4226,5.5777
46,1,16748,5.86826
46,2,4291,6.16295
46,3,11023,6.2912
46,4,14234,6.30509
46,5,4707,6.48359
46,6,9828,6.54549
46,7,17936,6.5514
46,8,4957,6.74015
46,9,0,6.75587
47,0,17310,5.3246
47,1,18796,5.66869
47,2,18539,5.77617
47,3,10328,5.83218
47,4,15967,5.8703
47,5,3069,5.87562
47,6,2915,5.88639
47,7,12831,5.93073
47,8,338,6.03388
47,9,9126,6.12122
48,0,12633,5.50111
48,1,15730,5.8243
48,2,14954,5.83266
48,3,44,5.95047
48,4,18753,6.18465
48,5,573,6.39422
48,6,7705,6.45396
48,7,8683,6.50069
48,8,8734,6.53448
48,9,5936,6.58782
49,0,12222,5.02916
49,1,19759,5.30503
49,2,11483,5.52016
49,3,9535,5.58268
49,4,11378,5.74099
49,5,13780,5.74137
49,6,2492,5.81985
49,7,18068,5.83358
49,8,1912,5.84638
49,9,18024,5.85738
50,0,19592,5.46744
50,1,132,5.71772
50,2,51,5.76574
50,3,12316,5.88039
50,4,10212,6.021
50,5,2038,6.04618
50,6,13911,6.11399
50,7,14986,6.14712
50,8,9221,6.16258
50,9,13093,6.20113
51,0,12739,5.98339
51,1,19486,6.10714
51,2,7970,6.17713
51,3,5153,6.34083
51,4,2226,6.41487
51,5,14120,6.45486
51,6,2693,6.46017
51,7,2778,6.50939
51,8,2714,6.52864
51,9,6675,6.53207
52,0,12098,5.70105
52,1,16511,5.80038
52,2,19511,5.94878
52,3,1284,6.07092
52,4,1956,6.23259
52,5,97,6.41531
52,6,15772,6.43011
52,7,4973,6.47295
52,8,13753,6.62917
52,9,3045,6.63493
53,0,3343,4.63376
53,1,14736,5.2322
53,2,9912,5.58393
53,3,1025,5.59812
53,4,10463,5.7197
53,5,5018,5.80608
53,6,957,5.84057
53,7,2532,5.8518
53,8,16562,5.89266
53,9,11365,5.90158
54,0,3704,5.58904
54,1,12492,5.76775
54,2,19531,6.0266
54,3,4270,6.22876
54,4,4198,6.35452
54,5,4012,6.39065
54,6,14136,6.48457
54,7,6283,6.52033
54,8,1410,6.55923
54,9,8680,6.56459
55,0,16229,5.01244
55,1,18182,5.36495
55,2,11903,5.49539
55,3,1188,5.50424
55,4,13986,5.58765
55,5,12201,5.6432
55,6,11113,5.6448
55,7,12484,5.66433
55,8,6946,5.7019
55,9,7016,5.70715
56,0,723,5.23207
56,1,19096,5.37657
56,2,18910,5.48465
56,3,11440,5.49425
56,4,6875,5.54534
56,5,3585,5.55129
56,6,19883,5.57255
56,7,7101,5.73712
56,8,8887,5.76258
56,9,7860,5.7686
57,0,8164,6.02573
57,1,12305,6.05145
57,2,19143,6.23351
57,3,13291,6.33223
57,4,14531,6.36366
57,5,8078,6.45104
57,6,7101,6.45384
57,7,11564,6.4946
57,8,1310,6.57764
57,9,12632,6.58307
58,0,10135,5.99488
58,1,17941,6.2186
58,2,2942,6.33151
58,3,10622,6.51656
58,4,3960,6.52968
58,5,2124,6.63331
58,6,7913,6.72493
58,7,18295,6.80336
58,8,5751,6.80998
58,9,15221,6.84897
59,0,9816,5.42844
59,1,7740,5.61061
59,2,18262,5.62854
59,3,1694,5.68702
59,4,9034,5.91066
59,5,10108,5.99285
59,6,12209,6.02181
59,7,8030,6.02697
59,8,4720,6.06267
59,9,18309,6.07931
60,0,13157,5.57633
60,1,17804,5.75797
60,2,6664,6.00923
60,3,5136,6.01064
60,4,4553,6.01782
60,5,18407,6.04807
60,6,15512,6.15454
60,7,9141,6.25297
60,8,3395,6.31555
60,9,9797,6.37942
61,0,10439,5.61554
61,1,11016,6.20562
61,2,10881,6.4471
61,3,3488,6.59629
61,4,7555,6.62193
61,5,15160,6.62654
61,6,5220,6.64906
61,7,814,6.67858
61,8,2321,6.68709
61,9,15752,6.71721
62,0,18808,6.00057
62,1,3851,6.02062
62,2,5027,6.31079
62,3,1216,6.34259
62,4,18119,6.36548
62,5,3020,6.39783
62,6,16440,6.44065
62,7,12201,6.47292
62,8,11097,6.53253
62,9,1249,6.58853
63,0,10042,5.54522
63,1,165,6.31422
63,2,6792,6.32255
63,3,8305,6.48441
63,4,7538,6.5907
63,5,11024,6.59828
63,6,8005,6.66473
63,7,15920,6.71722
63,8,7971,6.75158
63,9,17164,6.78183
64,0,16338,4.96434
64,1,4231,5.87959
64,2,11618,5.95567
64,3,4402,6.02145
64,4,3929,6.03469
64,5,13399,6.03648
64,6,19452,6.06208
64,7,1194,6.09291
64,8,2398,6.09522
64,9,8480,6.12255
65,0,18068,5.69381
65,1,17579,6.13731
65,2,16836,6.27428
65,3,14349,6.28541
65,4,7261,6.39361
65,5,5635,6.52708
65,6,1108,6.62638
65,7,5823,6.63129
65,8,15602,6.63489
65,9,6331,6.65961
66,0,4928,5.53828
66,1,15633,6.06943
66,2,16714,6.20817
66,3,16785,6.2414
66,4,15475,6.28823
66,5,11774,6.29734
66,6,16115,6.35656
66,7,19108,6.3873
66,8,15948,6.4137
66,9,2500,6.43324
67,0,3441,5.86428
67,1,2956,5.97814
67,2,13259,6.13469
67,3,7326,6.24222
67,4,16359,6.24744
67,5,19261,6.45361
67,6,16814,6.49932
67,7,8067,6.52195
67,8,126,6.54949
67,9,1904,6.57594
68,0,12265,5.38712
68,1,14440,5.68463
68,2,1929,5.73074
68,3,16092,5.9281
68,4,18492,5.98929
68,5,16509,6.01362
68,6,15084,6.03881
68,7,9798,6.11574
68,8,17869,6.15775
68,9,15704,6.16024
69,0,16830,5.54558
69,1,6504,5.55409
69,2,2587,5.61417
69,3,13503,5.62224
69,4,13700,5.66214
69,5,13457,5.85955
69,6,8444,5.87702
69,7,19389,5.97956
69,8,10891,5.98272
69,9,14708,6.00187
70,0,8711,5.65261
70,1,6471,5.67566
70,2,15041,5.71806
70,3,6571,6.04485
70,4,13014,6.06175
70,5,15976,6.19635
70,6,8667,6.34841
70,7,16652,6.35064
70,8,14475,6.35763
70,9,9538,6.37296
71,0,11463,5.65821
71,1,18848,5.73501
71,2,6836,5.82655
71,3,17819,5.87053
71,4,10718,5.96028
71,5,15696,6.02747
71,6,19794,6.03208
71,7,15853,6.13666
71,8,15192,6.21529
71,9,6533,6.21644
72,0,19412,5.12912
72,1,16059,5.44298
72,2,13964,5.46567
72,3,2318,5.7191
72,4,18556,5.79708
72,5,1916,5.86798
72,6,7817,5.91134
72,7,183,5.93703
72,8,4896,5.96027
72,9,10529,5.98651
73,0,4554,5.16473
73,1,1519,5.50619
73,2,17392,5.7051
73,3,967,5.75221
73,4,6921,5.81469
73,5,18307,5.84758
73,6,17804,5.8493
73,7,8839,5.87492
73,8,361,5.95686
73,9,5031,5.96775
74,0,5438,5.42818
74,1,5787,5.63433
74,2,18352,5.66047
74,3,1618,5.70332
74,4,2592,5.84667
74,5,1892,5.87635
74,6,824,5.90235
74,7,9477,5.92084
74,8,7665,5.92925
74,9,19537,5.9516
75,0,4756,4.99662
75,1,11329,5.58101
75,2,13468,5.64528
75,3,6607,5.82271
75,4,7139,5.86792
75,5,3304,5.98499
75,6,19853,6.21669
75,7,8931,6.22416
75,8,2759,6.25372
75,9,12149,6.26353
76,0,13928,5.24796
76,1,11972,5.3582
76,2,5958,5.52158
76,3,12325,5.6287
76,4,18295,5.64158
76,5,18805,5.6668
76,6,10300,5.758
76,7,2919,5.88398
76,8,8667,5.90383
76,9,19515,5.91061
77,0,8886,5.2222
77,1,9241,5.33719
77,2,488,5.34274
77,3,19616,5.59826
77,4,13795,5.62527
77,5,5866,5.70805
77,6,2949,5.71338
77,7,3398,5.73533
77,8,7690,5.76272
77,9,4584,5.85893
78,0,14787,5.76969
78,1,6332,6.04262
78,2,14511,6.06047
78,3,7101,6.30937
78,4,3265,6.32383
78,5,10039,6.34122
78,6,6687,6.35945
78,7,17938,6.38234
78,8,6908,6.41736
78,9,7899,6.42848
79,0,1663,5.40316
79,1,11563,5.42858
79,2,14736,5.44716
79,3,6908,5.53045
79,4,9642,5.58763
79,5,4341,5.68256
79,6,13131,5.71023
79,7,8863,5.75623
79,8,7923,5.84094
79,9,5657,5.90328
80,0,15367,5.55781
80,1,1908,5.646
80,2,814,5.92609
80,3,17023,6.0689
80,4,12950,6.11506
80,5,9809,6.12531
80,6,13227,6.12877
80,7,7719,6.22289
80,8,4389,6.23878
80,9,17019,6.30392
81,0,17238,5.7467
81,1,14685,5.82078
81,2,9871,5.90158
81,3,5080,5.95769
81,4,14190,6.06421
81,5,956,6.08449
81,6,1450,6.10613
81,7,3452,6.15942
81,8,16939,6.17705
81,9,1519,6.17911
82,0,3621,5.3956
82,1,18759,5.50957
82,2,9689,5.7021
82,3,16325,6.22181
82,4,5942,6.52116
82,5,2598,6.54673
82,6,17259,6.55719
82,7,12492,6.56261
82,8,828,6.57804
82,9,18403,6.62394
83,0,11920,5.20317
83,1,1181,5.26185
83,2,15620,5.42158
83,3,578,5.55563
83,4,5731,5.64816
83,5,12325,5.71296
83,6,8507,5.78211
83,7,17604,5.81533
83,8,99,5.82498
83,9,16144,5.86891
84,0,4036,4.64675
84,1,7331,4.99665
84,2,13312,5.09195
84,3,7988,5.27303
84,4,19009,5.27712
84,5,3708,5.3016
84,6,16597,5.31655
84,7,13733,5.4197
84,8,18208,5.72599
84,9,4164,5.79899
85,0,19130,4.91802
85,1,3422,5.91129
85,2,15422,5.95853
85,3,10061,5.96448
85,4,5229,6.10712
85,5,5433,6.16313
85,6,8178,6.31936
85,7,12510,6.32901
85,8,8299,6.42195
85,9,3797,6.42473
86,0,5455,5.38035
86,1,1256,6.11283
86,2,9482,6.1804
86,3,18970,6.18298
86,4,8309,6.18576
86,5,15959,6.20328
86,6,6456,6.36448
86,7,12497,6.36518
86,8,2595,6.48619
86,9,1809,6.49232
87,0,9852,4.45695
87,1,4600,4.98224
87,2,18206,5.05335
87,3,7651,5.16596
87,4,3246,5.29933
87,5,80,5.30213
87,6,1799,5.32665
87,7,14847,5.34001
87,8,8300,5.37211
87,9,11678,5.40743
88,0,16811,5.465
88,1,4291,5.48735
88,2,13083,5.86829
88,3,18071,6.04734
88,4,16353,6.11955
88,5,17827,6.39208
88,6,17824,6.51177
88,7,12457,6.53198
88,8,9197,6.53692
88,9,18987,6.59856
89,0,5695,6.16047
89,1,4940,6.61563
89,2,18759,6.63215
89,3,10005,6.70396
89,4,7369,6.74107
89,5,18366,6.751
89,6,8691,6.76433
89,7,1972,6.78216
89,8,19947,6.79335
89,9,16990,6.8602
90,0,4526,4.88413
90,1,12053,5.06728
90,2,657,5.49817
90,3,1758,5.59119
90,4,5057,5.71804
90,5,9036,5.73231
90,6,3746,5.7944
90,7,1984,5.81307
90,8,2057,5.81332
90,9,298,5.89802
91,0,16929,6.02051
91,1,8835,6.04387
91,2,16108,6.12762
91,3,10888,6.20265
91,4,10807,6.23273
91,5,17291,6.26818
91,6,10798,6.26897
91,7,7357,6.27256
91,8,14950,6.3468
91,9,5241,6.40297
92,0,4641,6.49775
92,1,6949,6.53316
92,2,19252,6.64382
92,3,2766,6.64869
92,4,11730,6.6973
92,5,18381,6.7274
92,6,7016,6.78761
92,7,13470,6.82685
92,8,1428,6.84276
92,9,12705,6.85276
93,0,10886,4.95768
93,1,16902,5.37706
93,2,12851,5.44028
93,3,14420,5.50787
93,4,11683,5.52727
93,5,4215,5.55562
93,6,13676,5.58367
93,7,9133,5.65088
93,8,8801,5.66541
93,9,11286,5.68053
94,0,13650,5.84966
94,1,960,6.12958
94,2,17669,6.13965
94,3,2248,6.15013
94,4,5190,6.21764
94,5,15893,6.22936
94,6,18401,6.22992
94,7,4195,6.28359
94,8,16796,6.33064
94,9,9950,6.34217
95,0,11023,5.48763
95,1,10353,5.89323
95,2,18737,5.94802
95,3,10108,6.10287
95,4,1242,6.12473
95,5,471,6.19405
95,6,8290,6.19909
95,7,9206,6.29352
95,8,19393,6.29429
95,9,10663,6.29856
96,0,19450,5.10668
96,1,15398,5.18874
96,2,14711,5.28229
96,3,17197,5.28717
96,4,18935,5.35477
96,5,9245,5.36561
96,6,3862,5.37051
96,7,19397,5.37086
96,8,12219,5.43342
96,9,7418,5.51194
97,0,10966,5.67925
97,1,14970,5.92566
97,2,11731,5.97176
97,3,4819,6.27626
97,4,6929,6.33004
97,5,19238,6.34542
97,6,147,6.42109
97,7,7015,6.42398
97,8,8905,6.46579
97,9,904,6.47842
98,0,13683,5.3706
98,1,13323,5.41343
98,2,9062,5.47576
98,3,14344,5.50544
98,4,7105,5.56457
98,5,1284,5.61652
98,6,14730,5.65545
98,7,11249,5.6589
98,8,2001,5.71022
98,9,14422,5.71444
99,0,15415,4.69212
99,1,4921,4.92084
99,2,14798,5.29832
99,3,9482,5.91891
99,4,7501,5.98699
99,5,9140,6.02024
99,6,13651,6.02287
99,7,16278,6.0536
99,8,5187,6.06506
99,9,13707,6.1721
100,0,6235,5.19937
100,1,6028,5.49981
100,2,12149,5.53701
100,3,13746,5.59215
100,4,1670,5.60504
100,5,9708,5.65077
100,6,9471,5.73245
100,7,1953,5.77891
100,8,15557,5.80406
100,9,95,5.88532
101,0,10195,5.92196
101,1,16506,6.19567
101,2,3210,6.31878
101,3,19481,6.35573
101,4,16637,6.48595
101,5,6488,6.49943
101,6,10485,6.5137
101,7,17416,6.53582
101,8,7638,6.55809
101,9,3441,6.65414
102,0,4199,5.32338
102,1,3513,5.7706
102,2,19798,5.82868
102,3,14695,5.87371
102,4,4747,5.87472
102,5,7556,5.89168
102,6,3516,5.90945
102,7,7209,5.96628
102,8,16186,5.98055
102,9,19313,5.99279
103,0,10311,5.9346
103,1,18584,6.04108
103,2,19742,6.12294
103,3,14088,6.32069
103,4,19525,6.37084
103,5,2493,6.37834
103,6,12066,6.5168
103,7,13169,6.55744
103,8,6692,6.59037
103,9,15937,6.59095
104,0,4163,5.28156
104,1,18540,5.60877
104,2,12945,5.63147
104,3,10247,5.6894
104,4,7961,5.70481
104,5,4,5.78074
104,6,10807,5.7846
104,7,7597,5.837
104,8,1758,5.93237
104,9,19106,5.93878
105,0,1036,5.34304
105,1,19642,5.56393
105,2,10779,5.78528
105,3,3495,5.92425
105,4,8465,6.14626
105,5,16345,6.15541
105,6,14801,6.16865
105,7,14394,6.17869
105,8,10681,6.21317
105,9,13442,6.22006
106,0,8567,5.56834
106,1,13635,5.96582
106,2,3578,6.00183
106,3,1878,6.03136
106,4,11659,6.05899
106,5,485,6.10405
106,6,9667,6.12301
106,7,9293,6.1343
106,8,16817,6.14788
106,9,15882,6.14799
107,0,7665,5.32917
107,1,6011,5.34198
107,2,17392,5.34802
107,3,717,5.4013
107,4,17141,5.45048
107,5,6981,5.46758
107,6,18520,5.49032
107,7,12179,5.72125
107,8,267,5.75105
107,9,7953,5.80134
108,0,13009,5.30722
108,1,7201,5.59466
108,2,14083,5.86994
108,3,10948,5.88966
108,4,1547,6.00568
108,5,19765,6.02506
108,6,11470,6.04918
108,7,6785,6.07798
108,8,7803,6.17457
108,9,552,6.17636
109,0,14863,5.07812
109,1,7095,5.29902
109,2,16769,5.32771
109,3,8153,5.43256
109,4,1491,5.53396
109,5,17066,5.64726
109,6,12361,5.65557
109,7,1631,5.69743
109,8,4045,5.77007
109,9,7235,5.78318
110,0,15297,5.55672
110,1,11943,5.5884
110,2,19094,5.83198
110,3,19992,6.29732
110,4,10167,6.32657
110,5,966,6.4652
110,6,6866,6.46808
110,7,11869,6.46852
110,8,13642,6.4701
110,9,6308,6.53338
111,0,13262,5.71621
111,1,8724,5.92954
111,2,19487,6.03613
111,3,8833,6.05086
111,4,14237,6.15638
111,5,14853,6.32993
111,6,15916,6.38002
111,7,4310,6.40537
111,8,2191,6.43715
111,9,6362,6.47048
112,0,11166,5.66155
112,1,16412,6.16499
112,2,4558,6.27826
112,3,4115,6.30561
112,4,19685,6.3675
112,5,1496,6.53267
112,6,2871,6.54959
112,7,15823,6.57314
112,8,1395,6.60179
112,9,11210,6.61728
113,0,3215,5.35431
113,1,2819,5.41086
113,2,5182,5.5538
113,3,15520,5.58181
113,4,12983,5.81489
113,5,1858,5.89293
113,6,19286,5.95382
113,7,16702,6.01607
113,8,16540,6.1112
113,9,18665,6.15502
114,0,17597,4.7854
114,1,7714,5.23862
114,2,4045,5.45134
114,3,1404,5.55914
114,4,10886,5.57125
114,5,13395,5.76116
114,6,2329,5.78725
114,7,10135,5.81639
114,8,19094,5.84153
114,9,11809,5.84996
115,0,15893,6.34964
115,1,15813,6.45263
115,2,14659,6.56222
115,3,4052,6.5899
115,4,18285,6.72292
115,5,11842,6.76731
115,6,8216,6.83037
115,7,10744,6.86446
115,8,4854,6.90586
115,9,10332,6.91166
116,0,17206,5.22931
116,1,9964,5.35877
116,2,10025,5.67574
116,3,6620,5.78468
116,4,13356,5.99742
116,5,14991,6.24425
116,6,12268,6.33771
116,7,5042,6.37631
116,8,7499,6.40396
116,9,4251,6.43353
117,0,3762,4.96638
117,1,14257,4.98801
117,2,5254,5.03726
117,3,13140,5.08913
117,4,10052,5.18981
117,5,18222,5.28366
117,6,12222,5.35812
117,7,18267,5.36405
117,8,3383,5.44225
117,9,3096,5.57571
118,0,18632,5.35586
118,1,12047,5.85791
118,2,2013,6.01025
118,3,11216,6.24202
118,4,13933,6.295
118,5,11753,6.31985
118,6,6232,6.39175
118,7,8167,6.58649
118,8,2774,6.68876
118,9,13236,6.69985
119,0,16753,5.30887
119,1,18875,5.54454
119,2,10989,5.67579
119,3,10048,5.71775
119,4,708,5.74321
119,5,14734,5.75
119,6,16761,5.75115
119,7,5352,5.78739
119,8,17369,5.78785
119,9,14252,5.80573
120,0,15475,6.16439
120,1,8034,6.21352
120,2,17744,6.41441
120,3,13633,6.69117
120,4,11113,6.7154
120,5,18660,6.76085
120,6,9529,6.78975
120,7,13501,6.81798
120,8,18925,6.91425
120,9,9874,6.95548
121,0,748,4.95651
121,1,11844,5.03533
121,2,13134,5.11047
121,3,14700,5.14154
121,4,15794,5.19966
121,5,10601,5.20893
121,6,7105,5.2849
121,7,14352,5.41507
121,8,13623,5.56423
121,9,14762,5.58207
122,0,3097,5.37824
122,1,11449,5.80856
122,2,4097,6.22552
122,3,1026,6.28361
122,4,14679,6.3312
122,5,717,6.34668
122,6,11200,6.35367
122,7,8017,6.39992
122,8,5099,6.40677
122,9,2759,6.40905
123,0,17190,5.25884
123,1,5685,5.44593
123,2,19252,5.53823
123,3,995,5.82756
123,4,2845,5.86273
123,5,12325,5.96995
123,6,9078,5.98409
123,7,9602,6.11311
123,8,2044,6.16358
123,9,9225,6.24922
124,0,2310,5.76052
124,1,17597,6.11162
124,2,17201,6.12282
124,3,2878,6.17811
124,4,12632,6.20796
124,5,798,6.63307
124,6,3331,6.65034
124,7,10432,6.67696
124,8,6890,6.70435
124,9,11098,6.70853
125,0,7929,5.7157
125,1,6853,5.80651
125,2,2896,5.88312
125,3,1382,5.91305
125,4,3371,5.97665
125,5,18008,5.99295
125,6,6586,6.00304
125,7,17115,6.01171
125,8,8674,6.01599
125,9,4096,6.02539
126,0,12541,5.41967
126,1,5893,5.64301
126,2,6673,5.76145
126,3,16582,5.86425
126,4,11346,5.97393
126,5,11930,5.99431
126,6,198,6.06497
126,7,1404,6.15744
126,8,7769,6.18063
126,9,11678,6.18174
127,0,17483,4.65807
127,1,14842,5.31645
127,2,19582,5.64267
127,3,11774,5.78044
127,4,5942,5.79374
127,5,6583,5.85943
127,6,4553,5.95788
127,7,19543,5.97122
127,8,3843,6.01293
127,9,14247,6.04344
128,0,13304,6.04485
128,1,172,6.41134
128,2,1249,6.42251
128,3,7392,6.4249
128,4,5536,6.50683
128,5,6851,6.62494
128,6,14435,6.62795
128,7,3692,6.64216
128,8,11987,6.66762
128,9,5010,6.68877
129,0,15157,4.5895
129,1,5049,4.99789
129,2,4679,5.13646
129,3,5555,5.15351
129,4,9549,5.26678
129,5,17914,5.31992
129,6,12942,5.34508
129,7,1791,5.45577
129,8,13265,5.50385
129,9,16755,5.52074
130,0,10187,4.60771
130,1,15937,5.46243
130,2,10500,5.75962
130,3,3140,5.84427
130,4,3245,5.86794
130,5,5935,5.88586
130,6,11476,5.89433
130,7,40,5.92687
130,8,11247,5.93647
130,9,163,5.95138
131,0,15955,5.39213
131,1,12380,5.46754
131,2,5846,5.49722
131,3,8501,5.54718
131,4,13208,5.62158
131,5,1374,5.74399
131,6,14461,5.88339
131,7,3028,5.89688
131,8,14169,5.90078
131,9,3906,5.93101
132,0,6287,5.62105
132,1,4519,5.64266
132,2,4048,5.70916
132,3,10610,5.78388
132,4,3169,5.82822
132,5,14847,5.91428
132,6,14409,5.96903
132,7,19987,5.99694
132,8,4062,6.01513
132,9,2166,6.05178
133,0,8519,5.47603
133,1,11016,5.49541
133,2,4616,5.51611
133,3,15919,5.53386
133,4,14024,5.56505
133,5,8381,5.57852
133,6,7162,5.61829
133,7,12256,5.6636
133,8,2883,5.67382
133,9,2449,5.71751
134,0,6909,5.51096
134,1,2007,5.75961
134,2,17348,5.76509
134,3,5829,5.8816
134,4,7128,5.94124
134,5,8611,5.95127
134,6,16228,5.97536
134,7,2166,6.10912
134,8,18519,6.13517
134,9,1054,6.17079
135,0,12958,4.82221
135,1,7423,4.99936
135,2,16298,5.0216
135,3,7408,5.0664
135,4,2533,5.16677
135,5,10188,5.43631
135,6,15981,5.53635
135,7,705,5.56244
135,8,183,5.58282
135,9,17522,5.61016
136,0,14512,5.69706
136,1,16301,5.8588
136,2,16681,6.06698
136,3,3550,6.07918
136,4,6143,6.11566
136,5,1943,6.14325
136,6,10773,6.21265
136,7,8065,6.21693
136,8,1904,6.28454
136,9,7317,6.29605
137,0,4582,5.62554
137,1,19215,5.85484
137,2,18579,6.00402
137,3,1586,6.2599
137,4,15007,6.28486
137,5,7982,6.32181
137,6,11288,6.36197
137,7,11335,6.36429
137,8,7894,6.40377
137,9,12689,6.44265
138,0,1461,6.02208
138,1,7538,6.26737
138,2,12958,6.32128
138,3,3762,6.32332
138,4,13856,6.37553
138,5,5327,6.41791
138,6,13035,6.50795
138,7,6191,6.56559
138,8,9010,6.59944
138,9,9283,6.60315
139,0,14975,6.43199
139,1,13557,6.49548
139,2,16840,6.57724
139,3,7013,6.66798
139,4,19387,6.76211
139,5,2859,6.84078
139,6,14940,6.85401
139,7,12361,6.86487
139,8,18806,6.89578
139,9,14977,6.92248
140,0,14326,5.69253
140,1,16328,5.86698
140,2,4776,6.15154
140,3,17105,6.32159
140,4,16572,6.51339
140,5,1618,6.57585
140,6,15361,6.64097
140,7,2746,6.66886
140,8,14296,6.73494
140,9,14074,6.7737
141,0,13292,5.34407
141,1,6298,5.48998
141,2,8040,5.97658
141,3,12123,5.99422
141,4,3028,6.01062
141,5,6237,6.05194
141,6,12714,6.35868
141,7,708,6.36844
141,8,17945,6.61217
141,9,5293,6.6569
142,0,16752,4.98339
142,1,18984,4.99295
142,2,15324,5.0193
142,3,4551,5.33389
142,4,7022,5.34787
142,5,17027,5.35993
142,6,5330,5.65697
142,7,13575,5.66741
142,8,3670,5.71325
142,9,7078,5.8231
143,0,19762,5.18122
143,1,3490,5.49683
143,2,13763,5.62159
143,3,9497,5.71434
143,4,740,5.93123
143,5,4109,5.9317
143,6,16108,6.0698
143,7,1246,6.13378
143,8,10071,6.17424
143,9,13552,6.22902
144,0,15784,5.19793
144,1,15361,5.35504
144,2,6949,5.54105
144,3,181,5.82153
144,4,17456,5.91696
144,5,15651,6.03357
144,6,13464,6.07003
144,7,13442,6.13204
144,8,17977,6.19625
144,9,18584,6.24288
145,0,11389,5.27202
145,1,6348,5.52461
145,2,1127,5.81042
145,3,12370,5.90896
145,4,6673,6.12185
145,5,12045,6.20969
145,6,19418,6.21671
145,7,19232,6.23914
145,8,2982,6.27403
145,9,9866,6.36127
146,0,9453,4.89721
146,1,6250,5.10993
146,2,13862,5.19343
146,3,16781,5.2473
146,4,10351,5.35114
146,5,11494,5.39753
146,6,9299,5.41806
146,7,10738,5.44357
146,8,16909,5.44785
146,9,6098,5.44973
147,0,18724,5.31208
147,1,13443,5.54885
147,2,12933,5.78122
147,3,6690,5.93285
147,4,17409,6.05162
147,5,6949,6.05923
147,6,2971,6.07415
147,7,2730,6.07817
147,8,1956,6.11246
147,9,10008,6.1286
148,0,1618,5.06948
148,1,4708,5.5724
148,2,8073,5.60869
148,3,11523,5.62247
148,4,9038,5.63194
148,5,3621,5.66155
148,6,7693,5.673
148,7,14872,5.82128
148,8,11127,5.8564
148,9,12839,5.86662
149,0,1519,5.43516
149,1,18200,5.87398
149,2,19686,5.89738
149,3,3540,5.95322
149,4,10887,6.04952
149,5,17078,6.05696
149,6,13814,6.08491
149,7,3257,6.14399
149,8,8870,6.17839
149,9,16193,6.21268
150,0,1096,5.11504
150,1,322,5.40512
150,2,13057,5.43607
150,3,7095,5.49076
150,4,13329,5.67052
150,5,18913,5.68835
150,6,11635,5.7103
150,7,5378,5.75755
150,8,3269,5.81392
150,9,11420,5.83337
151,0,11537,4.62106
151,1,11414,4.79829
151,2,10044,4.97026
151,3,1908,5.09513
151,4,8163,5.1649
151,5,11771,5.27412
151,6,3629,5.27777
151,7,2840,5.45043
151,8,11398,5.50182
151,9,1869,5.54318
152,0,14244,5.00498
152,1,4725,5.171
152,2,4341,5.22867
152,3,11184,5.28759
152,4,3200,5.37342
152,5,1933,5.50785
152,6,7848,5.55232
152,7,12003,5.58397
152,8,9727,5.58409
152,9,17175,5.63857
153,0,10961,6.00528
153,1,11167,6.26934
153,2,12829,6.29791
153,3,9750,6.35855
153,4,16168,6.36522
153,5,17793,6.43691
153,6,4983,6.63655
153,7,6526,6.66616
153,8,12068,6.67975
153,9,11890,6.71117
154,0,6731,4.53051
154,1,17730,5.16576
154,2,11679,5.28763
154,3,9377,5.3088
154,4,83,5.35766
154,5,6283,5.35777
154,6,18041,5.43765
154,7,4496,5.45586
154,8,8216,5.57756
154,9,14123,5.61647
155,0,12413,5.64459
155,1,14643,5.71823
155,2,1740,5.96247
155,3,17507,6.04889
155,4,11945,6.07504
155,5,3702,6.11435
155,6,5018,6.12587
155,7,8537,6.17446
155,8,13765,6.19979
155,9,7616,6.19996
156,0,19212,4.26316
156,1,6233,5.07016
156,2,6653,5.36702
156,3,17315,5.56845
156,4,1503,5.69639
156,5,1554,5.75779
156,6,723,5.87663
156,7,17983,5.90953
156,8,18199,6.01402
156,9,16955,6.02224
157,0,11378,5.13704
157,1,10044,5.6908
157,2,8340,5.7637
157,3,9721,5.90608
157,4,18957,6.03767
157,5,11598,6.12184
157,6,4500,6.21701
157,7,5675,6.32338
157,8,13232,6.3333
157,9,15364,6.47514
158,0,7817,5.29633
158,1,4803,5.44773
158,2,16419,5.85455
158,3,13020,5.96636
158,4,13463,6.01908
158,5,16213,6.03086
158,6,16996,6.16324
158,7,17117,6.16562
158,8,10607,6.17153
158,9,11570,6.26177
159,0,15025,4.53383
159,1,1284,4.69587
159,2,1155,4.94292
159,3,8548,4.9828
159,4,11470,4.98865
159,5,6835,5.02929
159,6,6708,5.10787
159,7,16353,5.11922
159,8,9456,5.23945
159,9,16811,5.29961
160,0,3726,5.11095
160,1,9335,6.20528
160,2,5896,6.43115
160,3,10480,6.51146
160,4,7988,6.52868
160,5,10149,6.53959
160,6,14397,6.66581
160,7,4563,6.72042
160,8,10047,6.73487
160,9,9526,6.85866
161,0,15948,4.66449
161,1,16237,5.66288
161,2,3559,5.88309
161,3,16731,5.91568
161,4,7680,5.91795
161,5,7738,5.97545
161,6,9284,6.01103
161,7,6925,6.09076
161,8,6270,6.13401
161,9,18126,6.14415
162,0,5460,5.65474
162,1,13578,5.76245
162,2,17184,5.95259
162,3,5020,6.06436
162,4,8510,6.35218
162,5,7231,6.38206
162,6,11476,6.41308
162,7,5710,6.41986
162,8,12834,6.56887
162,9,6479,6.56939
163,0,18646,4.94059
163,1,1923,5.29784
163,2,10364,5.43073
163,3,2352,5.56332
163,4,15448,5.68673
163,5,5727,5.73712
163,6,10905,5.73879
163,7,18699,5.78655
163,8,18867,5.8512
163,9,11589,5.86025
164,0,10505,6.37513
164,1,9588,6.46024
164,2,8778,6.57519
164,3,428,6.60823
164,4,3338,6.64116
164,5,15910,6.68092
164,6,4399,6.69497
164,7,1652,6.78425
164,8,16656,6.80805
164,9,7981,6.83301
165,0,11152,6.28489
165,1,6714,6.59772
165,2,15852,6.66067
165,3,5331,6.7373
165,4,3772,6.81542
165,5,6401,6.84798
165,6,7174,6.87195
165,7,2636,6.99447
165,8,12627,7.0224
165,9,13724,7.03243
166,0,8878,5.03626
166,1,8040,5.47353
166,2,2925,5.76456
166,3,8876,5.85386
166,4,12110,5.93736
166,5,7095,5.94663
166,6,9535,5.95821
166,7,17744,5.96037
166,8,13418,5.96076
166,9,14430,5.9789
167,0,7552,5.51899
167,1,5886,5.61941
167,2,4231,5.66266
167,3,11440,5.68623
167,4,6331,5.69512
167,5,17686,5.71313
167,6,16229,5.80189
167,7,18068,5.82675
167,8,12443,5.8277
167,9,11536,5.83543
168,0,7645,5.60166
168,1,4460,5.8405
168,2,16837,5.89131
168,3,9002,5.98493
168,4,16294,6.04309
168,5,902,6.11987
168,6,19795,6.12715
168,7,14106,6.37106
168,8,19446,6.39531
168,9,7708,6.39868
169,0,10765,5.27909
169,1,9443,5.41482
169,2,16898,5.42036
169,3,11592,5.51598
169,4,18068,5.6722
169,5,10948,5.73975
169,6,4697,5.86173
169,7,16975,5.94958
169,8,18489,5.98029
169,9,13296,5.98808
170,0,10811,3.79045
170,1,2088,4.38528
170,2,6425,4.55578
170,3,19676,4.858
170,4,14716,4.95139
170,5,12413,5.01723
170,6,9176,5.21541
170,7,15139,5.21882
170,8,3614,5.27624
170,9,9654,5.34258
171,0,5618,5.47836
171,1,17419,5.56103
171,2,1987,5.86654
171,3,2678,5.90741
171,4,2395,5.9364
171,5,4662,6.04505
171,6,276,6.08428
171,7,16556,6.1316
171,8,4254,6.17631
171,9,3360,6.1928
172,0,6993,5.22477
172,1,11681,5.34643
172,2,2532,5.36716
172,3,11273,5.5643
172,4,1098,5.74097
172,5,16929,5.74751
172,6,5015,5.79968
172,7,16379,5.81356
172,8,11354,5.86973
172,9,352,5.88181
173,0,5825,5.12712
173,1,11549,5.242
173,2,4808,5.53877
173,3,13979,5.53958
173,4,13517,5.56953
173,5,13268,5.63299
173,6,12325,5.67827
173,7,13014,5.75578
173,8,5259,5.77848
173,9,7460,5.79781
174,0,4591,4.5893
174,1,14951,4.71275
174,2,14886,4.88078
174,3,8845,5.1852
174,4,4339,5.45105
174,5,7013,5.49012
174,6,14657,5.50007
174,7,17392,5.51753
174,8,1526,5.53097
174,9,15602,5.58943
175,0,3292,5.42545
175,1,6130,5.8057
175,2,2044,5.92318
175,3,7971,5.92996
175,4,17019,5.95112
175,5,10911,5.97652
175,6,9827,5.99358
175,7,7848,6.18403
175,8,976,6.2419
175,9,374,6.34058
176,0,14176,5.60084
176,1,5673,5.6076
176,2,5139,5.62943
176,3,19394,5.73299
176,4,11714,5.83276
176,5,13933,5.83536
176,6,1308,5.86735
176,7,7398,5.87165
176,8,6008,5.88582
176,9,1022,5.95217
177,0,17396,5.14039
177,1,14096,5.28721
177,2,19928,5.62107
177,3,4799,5.62723
177,4,16163,5.67921
177,5,17191,5.71471
177,6,19039,5.73626
177,7,11346,5.74891
177,8,3833,5.79145
177,9,1179,5.79414
178,0,4112,6.34196
178,1,16393,6.46957
178,2,8631,6.52869
178,3,839,6.65438
178,4,15674,6.65837
178,5,439,6.66695
178,6,10457,6.7032
178,7,4139,6.70557
178,8,4370,6.7071
178,9,15129,6.72998
179,0,7658,5.08228
179,1,3039,5.10754
179,2,17107,5.11554
179,3,522,5.17996
179,4,14127,5.35327
179,5,12884,5.52147
179,6,5990,5.53224
179,7,6653,5.54917
179,8,13842,5.5638
179,9,9525,5.57671
180,0,9509,5.41104
180,1,3847,5.49001
180,2,10820,5.54127
180,3,10160,5.58877
180,4,6978,5.69428
180,5,7136,5.74741
180,6,12109,5.84151
180,7,10808,5.93271
180,8,5139,5.94765
180,9,16267,5.94944
181,0,14157,5.15565
181,1,4705,5.32137
181,2,5620,5.5393
181,3,7241,5.70531
181,4,18549,5.70948
181,5,871,5.78051
181,6,851,5.80287
181,7,8159,5.82947
181,8,1453,5.84002
181,9,13589,5.84999
182,0,11580,5.86958
182,1,17837,6.04943
182,2,15489,6.13411
182,3,15633,6.14022
182,4,11322,6.21101
182,5,4134,6.26634
182,6,2057,6.50886
182,7,9150,6.60642
182,8,15129,6.64354
182,9,13141,6.7088
183,0,14232,5.26716
183,1,14710,5.55209
183,2,16271,5.65282
183,3,4096,5.65714
183,4,2628,5.66434
183,5,10607,5.75236
183,6,12787,5.84168
183,7,2899,5.89591
183,8,2769,6.00286
183,9,4762,6.01135
184,0,8659,4.9369
184,1,3767,5.31172
184,2,8693,5.47619
184,3,9852,5.6034
184,4,9010,5.89089
184,5,3911,5.95345
184,6,1794,5.99714
184,7,498,6.0135
184,8,19519,6.05716
184,9,6145,6.10104
185,0,6665,5.91518
185,1,15404,6.10571
185,2,5742,6.17236
185,3,6526,6.25439
185,4,5667,6.38479
185,5,1181,6.42264
185,6,19199,6.47392
185,7,3089,6.51922
185,8,11815,6.59313
185,9,4513,6.61032
186,0,2442,5.33808
186,1,17392,5.68111
186,2,16660,5.73
186,3,1180,5.82445
186,4,267,5.90369
186,5,8735,5.93344
186,6,9140,6.02435
186,7,6199,6.0481
186,8,5549,6.04854
186,9,18825,6.15931
187,0,720,5.16366
187,1,9236,5.4792
187,2,13002,5.65174
187,3,2199,5.92776
187,4,5596,5.98119
187,5,5293,6.04668
187,6,18984,6.05465
187,7,7046,6.12674
187,8,18868,6.30106
187,9,14578,6.31517
188,0,7751,5.51994
188,1,10882,5.87141
188,2,1221,5.99089
188,3,8998,6.00501
188,4,4196,6.10763
188,5,4468,6.10861
188,6,2517,6.16205
188,7,8099,6.16603
188,8,19795,6.25899
188,9,17192,6.2734
189,0,8334,5.22839
189,1,12835,5.52429
189,2,12670,5.58032
189,3,18035,5.59241
189,4,11355,5.73496
189,5,5859,5.83558
189,6,5252,5.91473
189,7,11222,5.92894
189,8,9529,5.96952
189,9,9182,5.98813
190,0,6770,5.56867
190,1,2336,5.97537
190,2,15553,6.00031
190,3,16154,6.04401
190,4,7013,6.09691
190,5,13706,6.25904
190,6,2713,6.27104
190,7,11220,6.28885
190,8,1935,6.31209
190,9,19095,6.34515
191,0,7503,4.62131
191,1,5410,4.90265
191,2,2010,5.09905
191,3,3866,5.22538
191,4,3829,5.40895
191,5,13014,5.4421
191,6,15841,5.4527
191,7,13325,5.57721
191,8,2678,5.64435
191,9,10188,5.66638
192,0,18242,5.07555
192,1,1648,5.24998
192,2,9964,5.54329
192,3,7195,5.54663
192,4,10175,5.60845
192,5,8040,5.66906
192,6,9867,5.72858
192,7,809,5.77997
192,8,1058,5.80453
192,9,5940,5.83095
193,0,6532,6.25536
193,1,14876,6.5603
193,2,7799,6.56091
193,3,17122,6.60332
193,4,4929,6.67028
193,5,17279,6.69574
193,6,15724,6.77795
193,7,1192,6.77982
193,8,17150,6.80178
193,9,9650,6.80943
194,0,16799,5.19866
194,1,5817,5.2129
194,2,7200,5.50995
194,3,752,5.74337
194,4,7626,5.83368
194,5,19180,6.26346
194,6,14083,6.30914
194,7,6043,6.31433
194,8,1361,6.34669
194,9,14226,6.40403
195,0,330,4.82005
195,1,4227,5.19925
195,2,5958,5.26586
195,3,18936,5.37722
195,4,183,5.46159
195,5,665,5.50961
195,6,2678,5.5283
195,7,13326,5.54534
195,8,5750,5.65064
195,9,12374,5.68053
196,0,10008,5.48335
196,1,17151,5.64816
196,2,2915,5.72304
196,3,14478,5.78129
196,4,15110,5.86978
196,5,8012,5.95248
196,6,8100,5.97638
196,7,14699,6.10483
196,8,10866,6.1435
196,9,6382,6.1437
197,0,17168,5.47573
197,1,18403,5.49433
197,2,10028,5.53857
197,3,419,5.95972
197,4,128,5.9822
197,5,5565,6.22831
197,6,1321,6.33649
197,7,10393,6.49982
197,8,11689,6.51667
197,9,13937,6.52901
198,0,7798,5.34922
198,1,9165,5.89691
198,2,14615,5.91132
198,3,10986,5.95403
198,4,8184,5.98365
198,5,16545,6.03675
198,6,976,6.04031
198,7,19222,6.06149
198,8,13938,6.0731
198,9,7200,6.08125
199,0,16099,5.43793
199,1,7848,5.56895
199,2,9835,5.68403
199,3,12769,5.7531
199,4,4398,5.78362
199,5,19123,5.79234
199,6,12395,5.8234
199,7,19117,5.82819
199,8,18218,5.84709
199,9,6271,5.90665
